Company,Date
Front End Web Developer,2025-02-08 11:50:08
Software Developer,2025-02-08 12:41:06
BUSINESS DEVELOPER/BUSINESS ANALYST,2025-02-08 12:42:51
Software Developer,2025-02-22 14:54:40
Full Stack Developer,2025-02-22 14:54:56
MEAN/MERN Stack Developer,2025-02-22 14:55:12
Angular Developer,2025-02-22 14:55:41
Front End Developer,2025-02-22 14:55:57
Frontend Developer,2025-02-22 14:56:38
Full Stack Developer,2025-02-22 14:57:32
Fullstack Developer,2025-02-22 14:58:51
Full Stack Developer,2025-02-22 19:39:32
React JS Developer,2025-02-22 19:40:00
Fullstack Developer,2025-02-22 19:42:22
Full Stack Developer 1 + Year Experience,2025-02-22 19:42:38
Full Stack Developer,2025-02-22 19:54:59
React JS Developer,2025-02-22 19:55:27
Fullstack Developer,2025-02-22 19:57:47
Software Developer,2025-02-22 19:58:53
Full Stack Developer,2025-02-25 23:16:53
React JS Developer,2025-02-25 23:17:22
Full Stack Developer,2025-02-25 23:42:04
React JS Developer,2025-02-25 23:42:33
